{
	"format_version": "1.8.0",
	"animations": {
		"shoot": {
			"animation_length": 1.5,
			"bones": {
				"cannon1": {
					"position": {
						"0.0": {
							"vector": [0, 0, 0]
						},
						"0.25": {
							"pre": {
								"vector": [60, 0, 0]
							},
							"post": {
								"vector": [60, 0, 0]
							},
							"lerp_mode": "catmullrom"
						},
						"0.2917": [56.40606, 0, 0],
						"0.3333": [45.69385, 0, 0],
						"0.4167": [14.30615, 0, 0],
						"0.4583": [3.59394, 0, 0],
						"0.5": {
							"vector": [0, 0, 0]
						}
					}
				},
				"cannon2": {
					"position": {
						"1.0": {
							"vector": [0, 0, 0]
						},
						"1.25": {
							"pre": {
								"vector": [60, 0, 0]
							},
							"post": {
								"vector": [60, 0, 0]
							},
							"lerp_mode": "catmullrom"
						},
						"1.2917": [56.40606, 0, 0],
						"1.3333": [45.69385, 0, 0],
						"1.4167": [14.30615, 0, 0],
						"1.4583": [3.59394, 0, 0],
						"1.5": {
							"vector": [0, 0, 0]
						}
					}
				},
				"cannon3": {
					"position": {
						"0.5": {
							"vector": [0, 0, 0]
						},
						"0.75": {
							"pre": {
								"vector": [60, 0, 0]
							},
							"post": {
								"vector": [60, 0, 0]
							},
							"lerp_mode": "catmullrom"
						},
						"0.7917": [56.40606, 0, 0],
						"0.8333": [45.69385, 0, 0],
						"0.9167": [14.30615, 0, 0],
						"0.9583": [3.59394, 0, 0],
						"1.0": {
							"vector": [0, 0, 0]
						}
					}
				}
			}
		}
	}
}