{
	"format_version": "1.8.0",
	"animations": {
		"shoot": {
			"animation_length": 0.625,
			"bones": {
				"long_cannon": {
					"position": {
						"0.25": {
							"vector": [0, 0, 0]
						},
						"0.2917": [0, 0, 2.59516],
						"0.375": [0, 0, 29.40484],
						"0.4167": {
							"vector": [0, 0, 32]
						},
						"0.4583": [0, 0, 29.80951],
						"0.5": [0, 0, 21.91761],
						"0.5417": [0, 0, 10.08239],
						"0.5833": [0, 0, 2.19049],
						"0.625": {
							"vector": [0, 0, 0],
							"easing": "easeInQuart"
						}
					}
				}
			}
		}
	}
}