{
	"format_version": "1.8.0",
	"animations": {
		"shoot": {
			"animation_length": 0.375,
			"bones": {
				"long_cannon": {
					"position": {
						"0.0": {
							"vector": [0, 0, 0]
						},
						"0.0417": [0, 0, 2.59512],
						"0.125": [0, 0, 29.40439],
						"0.1667": {
							"vector": [0, 0, 32]
						},
						"0.2083": [0, 0, 29.80949],
						"0.25": [0, 0, 21.91733],
						"0.2917": [0, 0, 10.0818],
						"0.3333": [0, 0, 2.19014],
						"0.375": {
							"vector": [0, 0, 0],
							"easing": "easeInQuart"
						}
					}
				}
			}
		}
	}
}